<?xml version="1.0" encoding="utf-8"?>
<ckplayer>
	<share_html>
	{embed src="贵站网址/ckplayer/ckplayer.swf" flashvars="[$share]" quality="high" width="480" height="400" align="middle" allowScriptAccess="always" allowFullscreen="true" type="application/x-shockwave-flash"}{/embed}
	</share_html>
	<share_flash>
	贵站网址/ckplayer/ckplayer.swf?[$share]
	</share_flash>
	<share_flashvars>
	f,my_url,my_pic,a
	</share_flashvars>
	<share_path>
	/ckplayer/share/
	</share_path>
	<share_replace>
	</share_replace>
	<share_load>
		1
	</share_load>
	<share_charset>
		0
	</share_charset>
	<share_uuid>
	c25cf02c-1705-412d-bd4b-77a10b380f08
	</share_uuid>
	<share_button>
		<share>
			<id>qqmb</id>
			<img>qq.png</img>
			<coordinate>13,30</coordinate>
		</share>
		<share>
			<id>sinaminiblog</id>
			<img>sina.png</img>
			<coordinate>101,30</coordinate>
		</share>
		<share>
			<id>qzone</id>
			<img>qzone.png</img>
			<coordinate>189,30</coordinate>
		</share>
		<share>
			<id>renren</id>
			<img>rr.png</img>
			<coordinate>277,30</coordinate>
		</share>
		<share>
			<id>kaixin001</id>
			<img>kaixin001.png</img>
			<coordinate>13,65</coordinate>
		</share>
		<share>
			<id>tianya</id>
			<img>tianya.png</img>
			<coordinate>101,65</coordinate>
		</share>
		<share>
			<id>feixin</id>
			<img>feixin.png</img>
			<coordinate>189,65</coordinate>
		</share>
		<share>
			<id>msn</id>
			<img>msn.png</img>
			<coordinate>277,65</coordinate>
		</share>
	</share_button>
</ckplayer>